subreddit,id,score,title,url,year,month,day,created,date
CrappyDesign,268owh,328,"Maybe it's just my eyes, but I can barely even read the instructions...",http://i.imgur.com/kEW2dO7.jpg,2014,5,22,1400794983,2014_5_22
CrappyDesign,267vn4,911,The top post in r/watch_dogs,http://i.imgur.com/DskHQnq.jpg,2014,5,22,1400778117,2014_5_22
CrappyDesign,2gaby8,283,Bring your bathroom buddy!,http://i.imgur.com/K9uRQyI.jpg,2014,9,13,1410618413,2014_9_13
CrappyDesign,2fd14a,2295,They couldn't keep the ads off the screen for 10 seconds?,http://i.imgur.com/q9SQLlQ.jpg,2014,9,3,1409760282,2014_9_3
CrappyDesign,24iygu,469,have A Son TO a Wonderful â†ª happy ðŸš— BIRTHDAY,http://i.imgur.com/IUy9gT6.jpg,2014,5,2,1399019870,2014_5_2
CrappyDesign,24iz2a,166,I don't even know where to start.,http://i.imgur.com/zlkLI3M.jpg,2014,5,2,1399020614,2014_5_2
CrappyDesign,268k50,69,Left align ftw,http://i.imgur.com/2IUJwFk.jpg,2014,5,22,1400792157,2014_5_22
CrappyDesign,268owh,328,"Maybe it's just my eyes, but I can barely even read the instructions...",http://i.imgur.com/kEW2dO7.jpg,2014,5,22,1400794983,2014_5_22
CrappyDesign,28rogi,131,The highlighted letters don't spell anything.,http://i.imgur.com/4BrGipj.jpg,2014,6,22,1403409689,2014_6_22
CrappyDesign,28sfeb,883,You can't open the drawer because of the door frame.,http://i.imgur.com/QcuVMfK.jpg,2014,6,22,1403443401,2014_6_22
CrappyDesign,25tqa1,195,"""How many soap dispensers do you think we need for all these sinks?"" ""Ehh, one will do.""",http://i.imgur.com/fmH4N3g.jpg,2014,5,18,1400372954,2014_5_18
CrappyDesign,25vw5l,77,I cringe every time I pass this sign,http://i.imgur.com/9Mmuv8F.jpg,2014,5,18,1400447853,2014_5_18
CrappyDesign,268dlt,98,EVERY IS A ENDBEGIN INGNING,http://i.imgur.com/7ve8gjT.jpg,2014,5,22,1400788402,2014_5_22
CrappyDesign,266uri,32,"""Hey guise, wanna join my team?""",http://i.imgur.com/P2ihKyu.jpg,2014,5,22,1400744536,2014_5_22
CrappyDesign,2j1018,3847,My hotel's jetted tub.,http://i.imgur.com/VJ9Mdm7.jpg,2014,10,12,1413126856,2014_10_12
CrappyDesign,2j1kbw,70,I have no idea what is going on here.,http://i.imgur.com/vGCKBGp.jpg,2014,10,12,1413140514,2014_10_12
CrappyDesign,2j1c37,2207,great...,http://i.imgur.com/zjFNETP.jpg,2014,10,12,1413135342,2014_10_12
CrappyDesign,2jw70w,0,Just an awful logo...,http://i.imgur.com/p3hNIu1.png,2014,10,21,1413907782,2014_10_21
CrappyDesign,2i2w1s,1,It does not power anythin off...,http://i.imgur.com/hzsesO4.png,2014,10,2,1412250959,2014_10_2
CrappyDesign,2i44lh,94,I'm looking at you alien blue.. labels are closer to different buttons,http://i.imgur.com/Xc1dhCS.png,2014,10,2,1412278679,2014_10_2
CrappyDesign,24li0w,217,OH GOD WHY,http://i.imgur.com/604eF9g.jpg,2014,5,3,1399091301,2014_5_3
CrappyDesign,24mahk,805,There is no way to get to that balcony (xpost from /r/mildlyinteresting),http://i.imgur.com/lmb6yG3.jpg ,2014,5,3,1399126694,2014_5_3
CrappyDesign,24mahk,805,There is no way to get to that balcony (xpost from /r/mildlyinteresting),http://i.imgur.com/lmb6yG3.jpg,2014,5,3,1399126694,2014_5_3
CrappyDesign,25bv59,1282,I bet there's a lot of draws/ties,http://i.imgur.com/jsrOBE4.jpg,2014,5,12,1399866844,2014_5_12
CrappyDesign,20rcaj,61,God Johnny bless cash,http://i.imgur.com/SbBl7cj.jpg,2014,3,18,1395186130,2014_3_18
CrappyDesign,20qb6e,91,I don't know what to say about this.,http://i.imgur.com/x7LeUBv.jpg,2014,3,18,1395165598,2014_3_18
CrappyDesign,25tqa1,195,"""How many soap dispensers do you think we need for all these sinks?"" ""Ehh, one will do.""",http://i.imgur.com/fmH4N3g.jpg,2014,5,18,1400372954,2014_5_18
CrappyDesign,25u7e5,220,Induction.ttf,http://i.imgur.com/4ISr7OR.png,2014,5,18,1400387339,2014_5_18
CrappyDesign,25bv59,1282,I bet there's a lot of draws/ties,http://i.imgur.com/jsrOBE4.jpg,2014,5,12,1399866844,2014_5_12
CrappyDesign,25cxly,1227,"Wait, what?",http://i.imgur.com/s9PYK0X.jpg,2014,5,12,1399906716,2014_5_12
CrappyDesign,2gaby8,283,Bring your bathroom buddy!,http://i.imgur.com/K9uRQyI.jpg,2014,9,13,1410618413,2014_9_13
CrappyDesign,2gas53,161,Towel rack. Foot not included,http://i.imgur.com/niEPbiZ.jpg,2014,9,13,1410630511,2014_9_13
CrappyDesign,25z9ob,13,Etsy's app makes your phone look like it's got pressure marks. Freaked me out at first!,http://i.imgur.com/aJzyEn9.png,2014,5,19,1400541928,2014_5_19
CrappyDesign,25xb81,15,Great Responsibility Comes Power With Great,http://i.imgur.com/xKcaBXl.jpg,2014,5,19,1400487779,2014_5_19
CrappyDesign,28ro8n,22,Why free response in data entry isn't a good thing. It makes sorting terrible.,http://i.imgur.com/njUvwyU.png,2014,6,22,1403409527,2014_6_22
CrappyDesign,28sh96,56,The ticket window at Old Fort Henry.,http://i.imgur.com/PneM50Y.jpg,2014,6,22,1403445812,2014_6_22
CrappyDesign,209t3z,0,So I was wondering why my AP U.S. History textbook was so wrong...,http://i.imgur.com/aRyQd5b.jpg,2014,3,13,1394669265,2014_3_13
CrappyDesign,20cblf,508,the join nation?,http://i.imgur.com/GjguSRz.png,2014,3,13,1394743384,2014_3_13
CrappyDesign,2gtsy7,11,Pierce Brosnan - Murder lol,http://i.imgur.com/cgDUp7F.jpg,2014,9,19,1411100186,2014_9_19
CrappyDesign,2fcuem,157,Life 40 begins at,http://i.imgur.com/gPWiYyv.jpg,2014,9,3,1409756119,2014_9_3
